grp_fft_64pt_fu_286.grp_fft_32pt_fu_404.grp_fft_32pt_Pipeline_VITIS_LOOP_215_1_fu_1082,VITIS_LOOP_215_1,upc_loop_status1.csv
grp_fft_64pt_fu_286.grp_fft_32pt_fu_404.grp_fft_16pt_fu_1134.grp_fft_16pt_Pipeline_VITIS_LOOP_165_1_fu_580,VITIS_LOOP_165_1,upc_loop_status2.csv
grp_fft_64pt_fu_286.grp_fft_32pt_fu_404.grp_fft_16pt_fu_1134.grp_fft_16pt_Pipeline_VITIS_LOOP_120_1_fu_608,VITIS_LOOP_120_1,upc_loop_status3.csv
grp_fft_64pt_fu_286.grp_fft_32pt_fu_404.grp_fft_16pt_fu_1134.grp_fft_16pt_Pipeline_VITIS_LOOP_131_2_fu_672,VITIS_LOOP_131_2,upc_loop_status4.csv
grp_fft_64pt_fu_286.grp_fft_32pt_fu_404.grp_fft_16pt_fu_1134.grp_fft_16pt_Pipeline_VITIS_LOOP_181_3_fu_700,VITIS_LOOP_181_3,upc_loop_status5.csv
grp_fft_64pt_fu_286.grp_fft_32pt_fu_404.grp_fft_32pt_Pipeline_VITIS_LOOP_120_1_fu_1234,VITIS_LOOP_120_1,upc_loop_status6.csv
grp_fft_64pt_fu_286.grp_fft_32pt_fu_404.grp_fft_32pt_Pipeline_VITIS_LOOP_120_173_fu_1246,VITIS_LOOP_120_1,upc_loop_status7.csv
grp_fft_64pt_fu_286.grp_fft_32pt_fu_404.grp_fft_32pt_Pipeline_VITIS_LOOP_131_2_fu_1258,VITIS_LOOP_131_2,upc_loop_status8.csv
grp_fft_64pt_fu_286.grp_fft_32pt_fu_404.grp_fft_32pt_Pipeline_VITIS_LOOP_131_274_fu_1286,VITIS_LOOP_131_2,upc_loop_status9.csv
grp_fft_64pt_fu_286.grp_fft_32pt_fu_404.grp_fft_32pt_Pipeline_VITIS_LOOP_231_3_fu_1314,VITIS_LOOP_231_3,upc_loop_status10.csv
grp_fft_64pt_fu_286.grp_fft_16pt_fu_496.grp_fft_16pt_Pipeline_VITIS_LOOP_165_1_fu_580,VITIS_LOOP_165_1,upc_loop_status11.csv
grp_fft_64pt_fu_286.grp_fft_16pt_fu_496.grp_fft_16pt_Pipeline_VITIS_LOOP_120_1_fu_608,VITIS_LOOP_120_1,upc_loop_status12.csv
grp_fft_64pt_fu_286.grp_fft_16pt_fu_496.grp_fft_16pt_Pipeline_VITIS_LOOP_131_2_fu_672,VITIS_LOOP_131_2,upc_loop_status13.csv
grp_fft_64pt_fu_286.grp_fft_16pt_fu_496.grp_fft_16pt_Pipeline_VITIS_LOOP_181_3_fu_700,VITIS_LOOP_181_3,upc_loop_status14.csv
grp_fft_64pt_fu_286.grp_fft_16pt_fu_520.grp_fft_16pt_Pipeline_VITIS_LOOP_165_1_fu_580,VITIS_LOOP_165_1,upc_loop_status15.csv
grp_fft_64pt_fu_286.grp_fft_16pt_fu_520.grp_fft_16pt_Pipeline_VITIS_LOOP_120_1_fu_608,VITIS_LOOP_120_1,upc_loop_status16.csv
grp_fft_64pt_fu_286.grp_fft_16pt_fu_520.grp_fft_16pt_Pipeline_VITIS_LOOP_131_2_fu_672,VITIS_LOOP_131_2,upc_loop_status17.csv
grp_fft_64pt_fu_286.grp_fft_16pt_fu_520.grp_fft_16pt_Pipeline_VITIS_LOOP_181_3_fu_700,VITIS_LOOP_181_3,upc_loop_status18.csv
grp_fft_64pt_fu_286.grp_fft_64pt_Pipeline_VITIS_LOOP_281_3_fu_544,VITIS_LOOP_281_3,upc_loop_status19.csv
grp_sr_fft_Pipeline_VITIS_LOOP_329_2_fu_326,VITIS_LOOP_329_2,upc_loop_status20.csv
