,AESL_inst_sr_fft,,module_status1.csv
,grp_sr_fft_Pipeline_VITIS_LOOP_322_1_fu_234,,module_status2.csv
,grp_fft_64pt_fu_286,,module_status3.csv
grp_fft_64pt_fu_286,grp_fft_64pt_Pipeline_VITIS_LOOP_265_1_fu_336,,module_status4.csv
grp_fft_64pt_fu_286,grp_fft_32pt_fu_404,,module_status5.csv
grp_fft_64pt_fu_286.grp_fft_32pt_fu_404,grp_fft_32pt_Pipeline_VITIS_LOOP_215_1_fu_1082,,module_status6.csv
grp_fft_64pt_fu_286.grp_fft_32pt_fu_404,grp_fft_16pt_fu_1134,,module_status7.csv
grp_fft_64pt_fu_286.grp_fft_32pt_fu_404.grp_fft_16pt_fu_1134,grp_fft_16pt_Pipeline_VITIS_LOOP_165_1_fu_580,,module_status8.csv
grp_fft_64pt_fu_286.grp_fft_32pt_fu_404.grp_fft_16pt_fu_1134,grp_fft_16pt_Pipeline_VITIS_LOOP_120_1_fu_608,,module_status9.csv
grp_fft_64pt_fu_286.grp_fft_32pt_fu_404.grp_fft_16pt_fu_1134,grp_fft_16pt_Pipeline_VITIS_LOOP_171_2_fu_620,,module_status10.csv
grp_fft_64pt_fu_286.grp_fft_32pt_fu_404.grp_fft_16pt_fu_1134,grp_fft_16pt_Pipeline_VITIS_LOOP_131_2_fu_672,,module_status11.csv
grp_fft_64pt_fu_286.grp_fft_32pt_fu_404.grp_fft_16pt_fu_1134,grp_fft_16pt_Pipeline_VITIS_LOOP_181_3_fu_700,,module_status12.csv
grp_fft_64pt_fu_286.grp_fft_32pt_fu_404,grp_fft_32pt_Pipeline_VITIS_LOOP_221_2_fu_1158,,module_status13.csv
grp_fft_64pt_fu_286.grp_fft_32pt_fu_404,grp_fft_32pt_Pipeline_VITIS_LOOP_120_1_fu_1234,,module_status14.csv
grp_fft_64pt_fu_286.grp_fft_32pt_fu_404,grp_fft_32pt_Pipeline_VITIS_LOOP_120_173_fu_1246,,module_status15.csv
grp_fft_64pt_fu_286.grp_fft_32pt_fu_404,grp_fft_32pt_Pipeline_VITIS_LOOP_131_2_fu_1258,,module_status16.csv
grp_fft_64pt_fu_286.grp_fft_32pt_fu_404,grp_fft_32pt_Pipeline_VITIS_LOOP_131_274_fu_1286,,module_status17.csv
grp_fft_64pt_fu_286.grp_fft_32pt_fu_404,grp_fft_32pt_Pipeline_VITIS_LOOP_231_3_fu_1314,,module_status18.csv
grp_fft_64pt_fu_286,grp_fft_64pt_Pipeline_VITIS_LOOP_271_2_fu_444,,module_status19.csv
grp_fft_64pt_fu_286,grp_fft_16pt_fu_496,,module_status20.csv
grp_fft_64pt_fu_286.grp_fft_16pt_fu_496,grp_fft_16pt_Pipeline_VITIS_LOOP_165_1_fu_580,,module_status21.csv
grp_fft_64pt_fu_286.grp_fft_16pt_fu_496,grp_fft_16pt_Pipeline_VITIS_LOOP_120_1_fu_608,,module_status22.csv
grp_fft_64pt_fu_286.grp_fft_16pt_fu_496,grp_fft_16pt_Pipeline_VITIS_LOOP_171_2_fu_620,,module_status23.csv
grp_fft_64pt_fu_286.grp_fft_16pt_fu_496,grp_fft_16pt_Pipeline_VITIS_LOOP_131_2_fu_672,,module_status24.csv
grp_fft_64pt_fu_286.grp_fft_16pt_fu_496,grp_fft_16pt_Pipeline_VITIS_LOOP_181_3_fu_700,,module_status25.csv
grp_fft_64pt_fu_286,grp_fft_16pt_fu_520,,module_status26.csv
grp_fft_64pt_fu_286.grp_fft_16pt_fu_520,grp_fft_16pt_Pipeline_VITIS_LOOP_165_1_fu_580,,module_status27.csv
grp_fft_64pt_fu_286.grp_fft_16pt_fu_520,grp_fft_16pt_Pipeline_VITIS_LOOP_120_1_fu_608,,module_status28.csv
grp_fft_64pt_fu_286.grp_fft_16pt_fu_520,grp_fft_16pt_Pipeline_VITIS_LOOP_171_2_fu_620,,module_status29.csv
grp_fft_64pt_fu_286.grp_fft_16pt_fu_520,grp_fft_16pt_Pipeline_VITIS_LOOP_131_2_fu_672,,module_status30.csv
grp_fft_64pt_fu_286.grp_fft_16pt_fu_520,grp_fft_16pt_Pipeline_VITIS_LOOP_181_3_fu_700,,module_status31.csv
grp_fft_64pt_fu_286,grp_fft_64pt_Pipeline_VITIS_LOOP_281_3_fu_544,,module_status32.csv
,grp_sr_fft_Pipeline_VITIS_LOOP_329_2_fu_326,,module_status33.csv
